id;name;email;phone;gender;address_street;address_city;address_state;address_zip;project_id
1000;Micheline Vockings;mvockings0@examiner.com;303-136-1409;Female;8215 Laurel Alley;Denver;CO;80279;6
1001;Alanna Stearne;astearne1@loc.gov;928-366-8717;Female;2245 Mayer Way;Mesa;AZ;85210;4
1002;Manfred Deboick;mdeboick2@comsenz.com;517-131-4896;Male;2 Northview Alley;Lansing;MI;48901;1
1003;Arlyn Phuprate;aphuprate3@mac.com;225-504-6641;Female;175 Fisk Park;Baton Rouge;LA;70820;9
1004;Svend Wooller;swooller4@foxnews.com;915-903-7062;Male;57 Crest Line Circle;El Paso;TX;88584;9
1005;Inglebert Mashro;imashro5@uiuc.edu;202-221-6146;Male;8 Pennsylvania Hill;Washington;DC;20046;2
1006;Reuben Esh;resh6@mapy.cz;770-495-9277;Male;7 Green Ridge Street;Decatur;GA;30033;10
1007;Richmound Severns;rseverns7@google.com.au;414-248-4573;Male;09964 Pierstorff Way;Milwaukee;WI;53225;9
1008;Ronnie Parfrey;rparfrey8@census.gov;405-669-7373;Male;65 Artisan Road;Oklahoma City;OK;73179;8
1009;Royce Amery;ramery9@dion.ne.jp;918-997-4665;Male;246 Independence Plaza;Tulsa;OK;74141;4
1010;Phebe Randals;prandalsa@msn.com;915-719-9286;Female;72 Graedel Terrace;El Paso;TX;79950;2
1011;Durante Warr;dwarrb@nymag.com;512-110-9827;Male;14947 Orin Park;Austin;TX;78783;3
1012;Goldie Novic;gnovicc@marriott.com;812-619-9473;Female;2705 Brown Circle;Evansville;IN;47737;4
1013;Gale Cabrara;gcabrarad@dion.ne.jp;212-856-5776;Male;11279 Oak Circle;New York City;NY;10292;9
1014;Olag Keats;okeatse@google.cn;910-275-6522;Male;705 Tennessee Terrace;Wilmington;NC;28405;2
1015;Claudian Guiver;cguiverf@tmall.com;763-880-6151;Male;38 Meadow Ridge Avenue;Loretto;MN;55598;1
1016;Kirstyn Mateo;kmateog@nifty.com;337-114-3314;Female;7211 Badeau Hill;Lake Charles;LA;70616;9
1017;Poul Start;pstarth@t.co;501-776-9077;Male;6787 Lawn Alley;Hot Springs National Park;AR;71914;4
1018;Guillaume Seage;gseagei@tiny.cc;502-864-6572;Male;51708 High Crossing Plaza;Louisville;KY;40220;8
1019;Karlik Younie;kyouniej@intel.com;904-632-7836;Male;1 Esker Trail;Jacksonville;FL;32220;7
1020;Skippie Hattigan;shattigank@netscape.com;941-560-1581;Male;3723 Sugar Circle;Sarasota;FL;34233;10
1021;Katha Acosta;kacostal@mediafire.com;361-150-8517;Female;763 Fordem Avenue;Corpus Christi;TX;78470;4
1022;Ianthe Bessom;ibessomm@guardian.co.uk;801-868-1054;Female;2 Arrowood Point;Salt Lake City;UT;84130;1
1023;Mill Cornuau;mcornuaun@tinypic.com;805-799-1173;Male;99193 Barby Junction;Santa Barbara;CA;93106;3
1024;Vivianne Jerzak;vjerzako@livejournal.com;754-121-7020;Female;57 Roxbury Pass;Fort Lauderdale;FL;33336;10
1025;Adore Hammon;ahammonp@mail.ru;716-771-3216;Female;2013 Michigan Park;Buffalo;NY;14215;3
1026;Iggie Dell'Abbate;idellabbateq@theglobeandmail.com;909-350-3688;Male;85544 Hoard Plaza;San Bernardino;CA;92415;7
1027;Hamel Entres;hentresr@mit.edu;757-524-3955;Male;787 Summit Street;Portsmouth;VA;23705;1
1028;Woodrow Mulcock;wmulcocks@ebay.co.uk;202-485-0774;Male;825 Jackson Alley;Washington;DC;20244;3
1029;Buiron Vassman;bvassmant@edublogs.org;251-153-6375;Male;119 Mayer Street;Mobile;AL;36622;3
1030;Jarrid Suff;jsuffu@jigsy.com;754-885-8870;Male;33 Hallows Alley;Pompano Beach;FL;33064;7
1031;Earl Kenen;ekenenv@twitter.com;213-416-9660;Male;249 Moose Center;Los Angeles;CA;90065;2
1032;Val Logue;vloguew@businessweek.com;863-577-4069;Male;45 Daystar Hill;Lakeland;FL;33805;3
1033;Sammy Dand;sdandx@gov.uk;757-439-8228;Male;932 Old Shore Junction;Virginia Beach;VA;23464;8
1034;Torrance Quesne;tquesney@mapquest.com;907-837-4446;Male;96416 Lerdahl Center;Juneau;AK;99812;10
1035;Carrie Del Monte;cdelz@about.com;602-371-4049;Female;9 Golf Center;Phoenix;AZ;85077;3
1036;Aimee Simnell;asimnell10@omniture.com;862-256-7559;Female;3600 Ruskin Plaza;Newark;NJ;07195;5
1037;Natalya Itzchaky;nitzchaky11@ihg.com;352-262-9696;Female;8032 Blaine Park;Gainesville;FL;32627;2
1038;Derron Chape;dchape12@virginia.edu;903-293-9117;Male;41157 Meadow Vale Park;Tyler;TX;75799;7
1039;Glenn Alford;galford13@wiley.com;718-253-8383;Male;5 Sundown Junction;New York City;NY;10009;5
1040;Merilee Poxson;mpoxson14@yahoo.com;717-425-7483;Female;0605 Oriole Way;York;PA;17405;7
1041;Beau Duncklee;bduncklee15@xinhuanet.com;330-490-4583;Male;5727 Village Drive;Youngstown;OH;44511;1
1042;Dunn Sparshott;dsparshott16@ocn.ne.jp;804-245-7048;Male;13068 Nelson Center;Richmond;VA;23242;9
1043;Lind de Vaen;lde17@hao123.com;317-445-6128;Female;19287 Esch Street;Indianapolis;IN;46278;4
1044;Isahella Dodd;idodd18@ebay.com;415-832-6474;Female;9 Hanover Pass;San Francisco;CA;94154;10
1045;Costanza Iacopo;ciacopo19@ezinearticles.com;334-334-9369;Female;13046 Quincy Crossing;Montgomery;AL;36104;9
1046;Elbert Keech;ekeech1a@privacy.gov.au;330-322-3875;Male;6 Briar Crest Junction;Canton;OH;44720;10
1047;Nathalia Sawnwy;nsawnwy1b@tripod.com;513-820-8353;Female;429 Menomonie Plaza;Cincinnati;OH;45213;6
1048;Byram Ambresin;bambresin1c@bandcamp.com;815-484-0998;Male;365 Jenifer Road;Rockford;IL;61105;8
1049;Worth Florio;wflorio1d@google.com.br;757-854-8916;Male;640 Green Ridge Avenue;Norfolk;VA;23509;6
1050;Nari Lesslie;nlesslie1e@mashable.com;256-836-4714;Female;2 1st Pass;Huntsville;AL;35805;2
1051;Mariellen Waddell;mwaddell1f@apache.org;551-171-5504;Female;1 Fairfield Point;Jersey City;NJ;07310;3
1052;Silvester Klausen;sklausen1g@google.fr;803-468-2170;Male;7 Pankratz Avenue;Columbia;SC;29208;4
1053;Myrta Sulley;msulley1h@boston.com;469-660-9598;Female;64760 Chinook Plaza;Dallas;TX;75216;2
1054;Leonerd Tomasek;ltomasek1i@chicagotribune.com;513-985-2307;Male;8949 Knutson Crossing;Cincinnati;OH;45218;8
1055;Jacqui Whife;jwhife1j@tamu.edu;404-287-4769;Female;9 Old Gate Place;Atlanta;GA;30358;3
1056;Cully Klosges;cklosges1k@baidu.com;937-403-5325;Male;13617 Russell Avenue;Dayton;OH;45414;9
1057;Eveleen Llewhellin;ellewhellin1l@booking.com;915-162-9243;Female;8026 Hoard Street;El Paso;TX;79928;2
1058;Shaylah Reijmers;sreijmers1m@meetup.com;281-173-0441;Female;05 Manley Plaza;Galveston;TX;77554;6
1059;Michelina Roskrug;mroskrug1n@symantec.com;202-866-4537;Female;378 Swallow Hill;Washington;DC;20404;4
1060;Drusy Grenville;dgrenville1o@live.com;719-542-7246;Female;28 Glacier Hill Drive;Pueblo;CO;81010;4
1061;Morgun Cardenas;mcardenas1p@digg.com;513-151-7900;Male;5366 Straubel Circle;Cincinnati;OH;45228;2
1062;Wylie Thurborn;wthurborn1q@weather.com;559-339-2340;Male;85229 Forest Run Circle;Fresno;CA;93773;6
1063;Vicki Guilliland;vguilliland1r@people.com.cn;314-961-4352;Female;6 Oxford Point;Saint Louis;MO;63167;1
1064;Kellyann North;knorth1s@eventbrite.com;208-241-5721;Female;91765 Hoepker Way;Portland;OR;97211;7
1065;Ephrayim Farlamb;efarlamb1t@nydailynews.com;212-879-3857;Male;0 Pond Center;New York City;NY;10115;9
1066;Waylon Realff;wrealff1u@so-net.ne.jp;925-572-2506;Male;7805 Bowman Lane;Concord;CA;94522;8
1067;Boote Beadon;bbeadon1v@imgur.com;815-795-9767;Male;74681 Tennyson Point;Rockford;IL;61105;5
1068;Hiram Cranmore;hcranmore1w@independent.co.uk;517-770-0663;Male;29110 Ridge Oak Junction;Lansing;MI;48956;1
1069;Alic Weddup;aweddup1x@umn.edu;307-686-1174;Male;79026 Crescent Oaks Way;Cheyenne;WY;82007;1
1070;Jerrie Heyward;jheyward1y@google.es;925-231-2927;Male;35668 Tomscot Lane;Concord;CA;94522;5
1071;Phil Chicchelli;pchicchelli1z@usda.gov;407-120-5937;Female;91923 Sundown Avenue;Orlando;FL;32885;1
1072;Onfroi Novichenko;onovichenko20@netscape.com;860-620-5549;Male;14 Colorado Alley;Hartford;CT;06152;7
1073;Ricky Bish;rbish21@google.fr;202-722-1841;Male;814 Marcy Pass;Washington;DC;20546;8
1074;Elicia Volage;evolage22@creativecommons.org;318-170-8956;Female;0 Sachs Hill;Shreveport;LA;71161;10
1075;Kinny Wherton;kwherton23@hud.gov;412-791-1375;Male;55 Prairieview Parkway;Pittsburgh;PA;15279;3
1076;Sidoney Bolsteridge;sbolsteridge24@webs.com;571-507-4709;Female;5022 Montana Plaza;Arlington;VA;22244;5
1077;Shalna Kellet;skellet25@shareasale.com;314-233-2191;Female;66878 John Wall Drive;Saint Louis;MO;63180;4
1078;Pascale Fredi;pfredi26@mit.edu;651-462-6506;Male;998 Lien Avenue;Saint Paul;MN;55115;10
1079;Harrison Symms;hsymms27@wix.com;207-456-4742;Male;4107 Harbort Street;Portland;ME;04109;5
1080;Klement Olivi;kolivi28@java.com;386-397-1131;Male;9 Farmco Place;Daytona Beach;FL;32123;1
1081;Juan Scaddon;jscaddon29@amazonaws.com;619-488-8442;Male;7 Loftsgordon Avenue;San Diego;CA;92186;10
1082;Bernardine Collumbine;bcollumbine2a@cbc.ca;212-767-6105;Female;8 American Place;New York City;NY;10260;6
1083;Joline Adamini;jadamini2b@thetimes.co.uk;404-594-5276;Female;4107 Sunfield Parkway;Atlanta;GA;31190;4
1084;Euphemia Rhelton;erhelton2c@twitpic.com;850-996-0663;Female;1089 Oriole Pass;Tallahassee;FL;32314;7
1085;Roderic Paolotto;rpaolotto2d@microsoft.com;917-795-5211;Male;510 Annamark Road;New York City;NY;10105;7
1086;Jessi Darrigrand;jdarrigrand2e@netscape.com;225-616-2458;Female;67 Lyons Park;Baton Rouge;LA;70820;4
1087;Joseito Odgaard;jodgaard2f@independent.co.uk;603-900-3006;Male;000 Fisk Street;Portsmouth;NH;00214;4
1088;Kerianne Tufts;ktufts2g@vistaprint.com;214-204-3328;Female;454 Havey Street;Dallas;TX;75392;2
1089;Wilmer Dommerque;wdommerque2h@pagesperso-orange.fr;402-749-1354;Male;75 Shoshone Center;Omaha;NE;68164;6
1090;Cybill Luchetti;cluchetti2i@amazon.com;704-220-1636;Female;4 Village Green Hill;Charlotte;NC;28247;7
1091;Ramonda Redler;rredler2j@zdnet.com;301-469-0715;Female;63582 Westend Circle;Rockville;MD;20851;6
1092;Meredith Bucknall;mbucknall2k@dedecms.com;503-670-8522;Female;804 Northridge Circle;Salem;OR;97306;5
1093;Craggie Boater;cboater2l@kickstarter.com;318-792-5270;Male;50 Briar Crest Point;Shreveport;LA;71105;2
1094;Nance Shobbrook;nshobbrook2m@eepurl.com;757-894-4086;Female;2244 Algoma Court;Virginia Beach;VA;23471;1
1095;Lauren Qualtro;lqualtro2n@usatoday.com;240-734-0687;Male;87 Kingsford Crossing;Silver Spring;MD;20918;10
1096;Hillyer MacAdie;hmacadie2o@mac.com;202-714-5379;Male;3174 Sachs Alley;Washington;DC;20210;2
1097;Ramsey Treacher;rtreacher2p@livejournal.com;816-271-0649;Male;55 Stone Corner Place;Kansas City;MO;64160;8
1098;Bibi McClory;bmcclory2q@ed.gov;850-468-5367;Female;993 Butterfield Way;Panama City;FL;32412;5
1099;Kally Bozier;kbozier2r@geocities.com;702-573-1611;Female;37 Elmside Avenue;Las Vegas;NV;89155;3
